PROJECTNO,25481919,27681449,31585977,25325503,13346795,32287852,28459146,29640304,25580999,26956744,16567929,26778686,10577160,15438671,12242192,12024167,41718571,40102568,40679410,26983015,27163008,27022672,34413233,15296972,16672928,35773150,13086260,47641152,37746564,51728044,14706796,9070129,9024033,26127092,30641900,12940193,27100261,34383371,33129674,26408770,28863306,21423481,64389832,41180074,27139301,31259333,34747121,21614767,10147062,15141260,43711062,13734737,9535900,47552244,29079084,27945294,62725585,12321381,17430811,47404395,16561658,18028383,10367292,31776818,9492658,31375002,30291790,12904858,15342730,25081584,47782056,9785955,30558190,36560697,15643076,31043820,27444180,15421158,30990524,28788953,34044740,30064797,17608480,11213001,9213729,28697819,34829772,29647606,54515184,12291729,10618252,11524023,26713081,35075096,26076267,25681278,34259995,11654956,35688869,32686109
25481919,1.0,-0.21,-0.18,0.82,1.0,-0.06,-0.31,-0.03,-0.0,0.81,0.92,0.73,-0.16,0.85,-0.06,0.17,0.02,0.39,0.16,0.45,-0.34,0.31,-0.23,-0.34,-0.27,-0.38,-0.29,-0.3,-0.03,-0.44,0.9,0.44,-0.48,0.41,-0.2,0.87,-0.22,-0.24,0.19,-0.51,-0.34,0.43,-0.12,-0.08,-0.4,0.45,-0.28,-0.25,-0.15,-0.3,0.16,0.02,-0.01,-0.52,0.07,-0.19,-0.36,-0.34,0.04,-0.15,-0.4,-0.33,0.01,0.5,-0.42,0.08,-0.49,-0.26,-0.24,-0.1,-0.29,0.48,0.01,-0.21,0.15,-0.24,0.15,-0.23,-0.28,-0.07,-0.31,-0.35,0.09,-0.33,-0.29,0.2,-0.22,-0.25,-0.29,-0.24,-0.02,-0.01,0.24,-0.74,-0.39,0.12,-0.33,-0.36,-0.36,-0.33
27681449,,1.0,0.35,-0.38,-0.24,0.35,-0.09,0.26,-0.78,-0.06,-0.13,-0.34,-0.82,-0.39,-0.29,0.19,0.51,-0.31,-0.19,0.14,0.94,0.67,0.85,-0.59,0.22,0.01,0.08,-0.32,-0.29,0.89,0.09,0.36,0.41,0.28,-0.1,-0.02,-0.48,0.49,-0.34,0.57,0.69,-0.54,0.25,-0.38,-0.55,-0.63,-0.1,0.81,0.78,0.08,-0.62,-0.46,-0.34,0.36,-0.24,0.08,-0.48,0.08,-0.68,-0.45,0.66,0.76,0.25,-0.64,0.22,-0.12,0.08,0.13,-0.14,-0.41,0.74,-0.55,-0.77,0.21,-0.51,0.66,-0.51,0.53,-0.49,-0.41,0.15,-0.3,-0.17,0.23,-0.11,-0.79,0.19,0.36,-0.32,0.58,-0.31,-0.0,-0.23,0.48,0.64,0.16,-0.19,0.85,-0.25,-0.03
31585977,,,1.0,-0.04,-0.17,-0.12,-0.3,0.86,0.27,0.16,-0.26,-0.06,-0.2,-0.02,0.36,-0.16,0.05,-0.37,0.47,-0.07,0.18,0.33,0.16,-0.28,-0.17,-0.65,-0.33,-0.33,-0.3,0.12,0.05,0.41,-0.22,0.42,-0.49,0.13,-0.47,-0.27,0.26,0.5,-0.03,0.1,0.07,0.12,-0.14,0.36,-0.67,0.76,0.31,-0.58,-0.3,0.27,0.62,0.05,0.62,0.74,-0.66,-0.55,0.21,-0.39,0.3,0.01,0.71,0.34,0.52,0.81,-0.14,-0.24,-0.67,-0.13,0.34,0.46,0.04,-0.04,0.53,0.62,0.55,0.67,-0.45,-0.11,-0.52,-0.52,0.71,-0.41,-0.68,0.15,-0.29,0.24,-0.59,0.75,0.45,0.74,0.26,0.29,-0.18,0.47,-0.54,0.73,-0.81,-0.63
25325503,,,,1.0,0.87,0.02,-0.26,-0.06,0.23,0.75,0.77,0.97,0.08,0.98,0.07,0.34,0.1,0.61,0.32,0.52,-0.44,0.18,-0.27,-0.22,-0.18,-0.39,-0.13,-0.39,0.34,-0.69,0.78,0.36,-0.38,0.36,0.1,0.78,-0.03,-0.11,0.5,-0.59,-0.45,0.46,0.04,-0.06,-0.17,0.55,-0.5,-0.29,-0.05,-0.48,0.28,0.48,0.0,-0.81,0.04,-0.24,-0.15,-0.26,0.11,0.02,-0.7,-0.34,-0.11,0.58,-0.34,0.2,-0.73,-0.06,-0.36,0.29,-0.22,0.63,0.03,-0.08,0.3,-0.46,0.23,-0.32,-0.34,0.28,-0.62,-0.19,0.12,-0.32,-0.26,0.24,-0.02,-0.16,-0.54,-0.43,-0.1,-0.09,0.5,-0.95,-0.5,0.27,-0.45,-0.44,-0.35,-0.47
13346795,,,,,1.0,-0.05,-0.31,-0.03,0.03,0.82,0.92,0.78,-0.12,0.89,-0.05,0.2,0.03,0.43,0.19,0.47,-0.37,0.3,-0.25,-0.33,-0.27,-0.39,-0.27,-0.32,0.02,-0.49,0.91,0.44,-0.48,0.41,-0.16,0.87,-0.2,-0.23,0.24,-0.53,-0.36,0.45,-0.1,-0.08,-0.37,0.48,-0.32,-0.26,-0.14,-0.33,0.18,0.09,-0.01,-0.58,0.07,-0.2,-0.34,-0.33,0.05,-0.13,-0.45,-0.34,-0.0,0.53,-0.42,0.1,-0.54,-0.24,-0.27,-0.05,-0.29,0.51,0.02,-0.2,0.17,-0.27,0.17,-0.25,-0.29,-0.02,-0.36,-0.33,0.1,-0.34,-0.29,0.21,-0.2,-0.24,-0.33,-0.27,-0.03,-0.02,0.29,-0.79,-0.41,0.15,-0.35,-0.38,-0.37,-0.36
32287852,,,,,,1.0,-0.56,0.0,-0.49,-0.29,0.11,0.13,-0.27,-0.06,0.4,0.93,0.05,0.3,0.43,0.8,0.59,-0.14,0.78,0.18,0.93,0.64,0.89,0.27,0.29,0.25,-0.12,-0.38,-0.01,-0.41,0.42,-0.24,-0.4,0.28,0.43,-0.04,0.84,0.04,0.96,0.31,0.26,-0.47,-0.11,-0.07,0.77,-0.08,-0.17,0.01,-0.28,0.21,-0.77,-0.45,0.1,0.75,-0.32,-0.53,-0.26,0.07,-0.68,-0.45,-0.52,-0.59,-0.17,0.89,-0.02,-0.29,0.82,-0.38,-0.58,0.95,-0.25,-0.35,-0.53,-0.54,0.01,-0.46,0.0,0.05,-0.7,0.77,0.14,-0.6,0.89,-0.48,-0.01,-0.2,-0.8,-0.67,0.14,-0.15,-0.02,-0.0,-0.54,0.14,0.13,0.45
28459146,,,,,,,1.0,-0.64,-0.09,-0.26,-0.21,-0.2,0.31,-0.3,-0.74,-0.47,0.51,0.09,-0.82,-0.58,-0.18,0.13,-0.28,-0.2,-0.48,-0.06,-0.3,-0.36,0.35,0.03,-0.19,-0.07,0.66,-0.09,0.21,-0.25,0.87,0.55,-0.51,0.25,-0.38,-0.33,-0.66,-0.72,-0.06,-0.19,0.3,-0.03,-0.38,0.65,0.41,0.05,-0.4,-0.29,-0.01,-0.1,0.42,-0.15,-0.37,0.91,0.16,0.52,0.1,-0.28,0.63,-0.11,0.05,-0.28,0.59,0.67,-0.51,-0.3,-0.07,-0.64,-0.41,0.13,-0.21,0.32,-0.1,0.73,0.13,0.63,-0.0,-0.1,0.61,-0.12,-0.3,0.67,0.02,-0.24,0.02,-0.05,-0.56,0.2,0.65,-0.46,0.89,-0.24,0.42,-0.14
29640304,,,,,,,,1.0,0.3,0.23,-0.2,-0.15,-0.29,0.02,0.61,-0.13,-0.37,-0.55,0.66,-0.0,0.14,0.11,0.12,-0.09,-0.0,-0.5,-0.24,-0.0,-0.6,0.11,0.04,0.35,-0.56,0.39,-0.67,0.17,-0.76,-0.62,0.25,0.34,0.09,0.25,0.19,0.47,-0.07,0.42,-0.53,0.55,0.21,-0.62,-0.42,-0.0,0.77,0.32,0.62,0.77,-0.75,-0.45,0.47,-0.7,0.28,-0.31,0.62,0.42,0.14,0.72,0.03,-0.2,-0.67,-0.55,0.34,0.48,0.23,0.13,0.66,0.53,0.62,0.43,-0.2,-0.53,-0.32,-0.69,0.65,-0.31,-0.78,0.31,-0.29,-0.18,-0.27,0.81,0.52,0.73,0.42,0.29,-0.44,0.57,-0.69,0.65,-0.8,-0.37
25580999,,,,,,,,,1.0,0.09,-0.15,0.17,0.7,0.26,0.49,-0.41,-0.57,-0.02,0.44,-0.3,-0.81,-0.49,-0.8,0.52,-0.37,-0.36,-0.34,0.26,-0.02,-0.74,-0.16,-0.12,-0.48,-0.04,-0.19,0.01,0.15,-0.72,0.43,-0.3,-0.71,0.47,-0.27,0.53,0.44,0.79,-0.15,-0.3,-0.64,-0.47,0.3,0.54,0.74,-0.18,0.68,0.39,0.12,-0.38,0.86,0.17,-0.33,-0.75,0.22,0.82,0.08,0.63,0.05,-0.37,-0.32,0.27,-0.56,0.79,0.9,-0.25,0.81,-0.25,0.86,-0.08,0.37,0.31,-0.3,-0.11,0.61,-0.55,-0.38,0.93,-0.39,-0.16,0.1,-0.06,0.7,0.51,0.34,-0.16,-0.75,0.12,-0.08,-0.34,-0.17,-0.24
26956744,,,,,,,,,,1.0,0.58,0.6,-0.38,0.84,-0.15,-0.1,-0.0,0.02,0.07,0.12,-0.25,0.47,-0.27,-0.58,-0.47,-0.67,-0.55,-0.51,-0.28,-0.3,0.88,0.83,-0.41,0.84,-0.38,0.99,-0.32,-0.26,-0.03,-0.35,-0.45,0.18,-0.3,-0.22,-0.63,0.49,-0.41,0.09,-0.11,-0.41,-0.14,-0.05,0.07,-0.53,0.39,0.14,-0.61,-0.59,0.14,-0.19,-0.17,-0.17,0.41,0.52,-0.2,0.44,-0.47,-0.48,-0.44,-0.13,-0.23,0.54,0.07,-0.4,0.27,0.1,0.3,0.17,-0.48,-0.03,-0.39,-0.54,0.43,-0.56,-0.5,0.25,-0.44,0.02,-0.5,0.13,0.28,0.33,0.55,-0.6,-0.28,0.6,-0.37,-0.05,-0.58,-0.57
16567929,,,,,,,,,,,1.0,0.77,-0.05,0.73,-0.12,0.36,0.27,0.65,0.14,0.64,-0.23,0.36,-0.06,-0.27,-0.15,-0.21,-0.11,-0.3,0.23,-0.39,0.85,0.22,-0.27,0.15,0.05,0.68,-0.1,0.01,0.33,-0.47,-0.2,0.4,0.03,-0.15,-0.31,0.28,-0.25,-0.23,0.02,-0.24,0.27,0.15,-0.17,-0.54,-0.18,-0.41,-0.16,-0.14,-0.22,-0.06,-0.43,-0.17,-0.19,0.34,-0.36,-0.12,-0.51,-0.08,-0.18,0.06,-0.18,0.33,-0.19,-0.07,-0.05,-0.34,-0.05,-0.31,-0.27,0.06,-0.3,-0.2,-0.14,-0.19,-0.15,-0.02,0.0,-0.15,-0.33,-0.4,-0.27,-0.23,-0.03,-0.71,-0.27,-0.19,-0.28,-0.36,-0.22,-0.25
26778686,,,,,,,,,,,,1.0,0.17,0.91,0.06,0.46,0.24,0.77,0.32,0.62,-0.38,0.19,-0.18,-0.17,-0.09,-0.29,-0.01,-0.39,0.53,-0.67,0.71,0.22,-0.25,0.2,0.27,0.65,0.06,0.04,0.6,-0.57,-0.38,0.44,0.14,-0.1,-0.09,0.45,-0.5,-0.28,0.06,-0.46,0.35,0.61,-0.08,-0.84,-0.1,-0.36,-0.01,-0.14,-0.03,0.09,-0.74,-0.25,-0.24,0.49,-0.28,0.1,-0.75,0.07,-0.33,0.42,-0.14,0.55,-0.08,0.01,0.2,-0.54,0.13,-0.36,-0.33,0.38,-0.64,-0.08,-0.0,-0.23,-0.17,0.12,0.14,-0.09,-0.58,-0.53,-0.25,-0.22,0.37,-0.94,-0.43,0.11,-0.43,-0.44,-0.26,-0.44
10577160,,,,,,,,,,,,,1.0,0.02,0.27,-0.13,-0.2,0.42,0.17,-0.12,-0.76,-0.63,-0.63,0.66,-0.12,0.09,0.06,0.29,0.54,-0.73,-0.37,-0.65,-0.1,-0.61,0.28,-0.39,0.66,-0.22,0.46,-0.24,-0.53,0.46,-0.14,0.3,0.74,0.45,0.07,-0.59,-0.59,0.01,0.73,0.68,0.33,-0.27,0.12,-0.08,0.65,0.03,0.43,0.59,-0.53,-0.5,-0.29,0.44,0.15,0.07,-0.01,0.02,0.21,0.65,-0.57,0.39,0.58,-0.11,0.38,-0.55,0.41,-0.38,0.46,0.6,-0.18,0.51,0.09,-0.1,0.25,0.58,-0.04,-0.11,0.24,-0.56,0.16,-0.04,-0.17,-0.18,-0.41,-0.52,0.31,-0.65,0.32,0.02
15438671,,,,,,,,,,,,,,1.0,0.08,0.24,-0.02,0.46,0.31,0.42,-0.47,0.16,-0.34,-0.25,-0.24,-0.45,-0.22,-0.38,0.19,-0.67,0.79,0.45,-0.47,0.46,-0.04,0.85,-0.1,-0.23,0.4,-0.59,-0.49,0.46,-0.04,-0.03,-0.22,0.6,-0.49,-0.28,-0.13,-0.47,0.22,0.37,0.07,-0.76,0.15,-0.13,-0.25,-0.34,0.21,-0.03,-0.65,-0.4,-0.01,0.63,-0.36,0.27,-0.68,-0.15,-0.37,0.17,-0.27,0.66,0.12,-0.15,0.37,-0.39,0.3,-0.27,-0.33,0.19,-0.58,-0.26,0.21,-0.37,-0.31,0.32,-0.13,-0.2,-0.49,-0.33,0.02,0.01,0.59,-0.92,-0.53,0.38,-0.44,-0.42,-0.4,-0.48
12242192,,,,,,,,,,,,,,,1.0,0.33,-0.66,-0.08,0.93,0.35,-0.17,-0.6,0.02,0.55,0.51,0.08,0.4,0.47,-0.06,-0.35,-0.29,-0.39,-0.73,-0.32,-0.22,-0.2,-0.44,-0.66,0.7,-0.02,0.18,0.65,0.61,0.89,0.66,0.45,-0.39,-0.2,0.07,-0.48,0.09,0.35,0.73,0.23,0.16,0.33,-0.13,0.11,0.67,-0.52,-0.39,-0.75,-0.14,0.45,-0.29,0.24,-0.08,0.38,-0.31,-0.32,0.28,0.47,0.37,0.6,0.74,-0.24,0.53,-0.38,0.25,-0.43,-0.33,-0.17,0.18,0.19,-0.34,0.43,0.2,-0.74,0.1,0.12,0.12,0.16,0.48,-0.06,-0.76,0.22,-0.67,0.01,-0.32,0.07
12024167,,,,,,,,,,,,,,,,1.0,0.2,0.58,0.45,0.92,0.38,-0.07,0.64,0.08,0.81,0.49,0.82,0.05,0.53,-0.02,0.12,-0.31,-0.04,-0.35,0.51,-0.03,-0.23,0.34,0.58,-0.19,0.61,0.19,0.89,0.17,0.24,-0.29,-0.28,-0.18,0.7,-0.15,0.05,0.26,-0.32,-0.16,-0.76,-0.55,0.14,0.63,-0.35,-0.35,-0.52,0.02,-0.72,-0.28,-0.5,-0.53,-0.46,0.86,-0.05,-0.02,0.66,-0.19,-0.59,0.83,-0.2,-0.52,-0.47,-0.61,-0.14,-0.2,-0.25,0.13,-0.66,0.65,0.17,-0.53,0.85,-0.43,-0.23,-0.41,-0.85,-0.72,0.2,-0.46,-0.1,-0.03,-0.56,-0.07,0.06,0.23
41718571,,,,,,,,,,,,,,,,,1.0,0.45,-0.45,0.2,0.39,0.73,0.42,-0.6,-0.16,-0.14,-0.07,-0.7,0.48,0.29,0.33,0.22,0.7,0.11,0.36,0.1,0.3,0.85,-0.1,0.28,0.09,-0.36,-0.08,-0.82,-0.44,-0.38,-0.19,0.46,0.46,0.18,0.08,0.18,-0.59,-0.43,-0.34,-0.31,0.02,-0.04,-0.88,0.35,0.15,0.81,0.03,-0.41,0.47,-0.16,-0.35,0.03,0.06,0.5,0.2,-0.31,-0.75,-0.18,-0.6,0.21,-0.5,0.36,-0.61,0.49,-0.21,0.19,-0.21,0.0,0.24,-0.67,0.14,0.72,-0.61,-0.12,-0.47,-0.24,-0.49,-0.05,0.67,-0.31,0.18,0.24,-0.03,-0.36
40102568,,,,,,,,,,,,,,,,,,1.0,0.11,0.65,-0.23,0.04,-0.02,0.15,0.12,0.19,0.31,-0.12,0.83,-0.49,0.34,-0.3,0.18,-0.36,0.7,0.12,0.37,0.38,0.6,-0.51,-0.14,0.23,0.26,-0.12,0.16,0.04,-0.11,-0.39,0.13,-0.17,0.48,0.63,-0.37,-0.63,-0.51,-0.73,0.5,0.31,-0.33,0.32,-0.65,-0.03,-0.62,0.09,-0.23,-0.35,-0.46,0.32,-0.02,0.63,-0.08,0.13,-0.24,0.19,-0.2,-0.72,-0.25,-0.54,-0.01,0.54,-0.31,0.28,-0.45,0.08,0.21,-0.15,0.48,0.02,-0.27,-0.82,-0.57,-0.61,-0.16,-0.7,-0.16,-0.47,-0.08,-0.53,0.24,-0.03
40679410,,,,,,,,,,,,,,,,,,,1.0,0.55,-0.13,-0.33,0.09,0.35,0.42,-0.1,0.31,0.25,0.01,-0.39,0.02,-0.18,-0.72,-0.15,-0.18,0.06,-0.54,-0.58,0.84,-0.1,0.13,0.66,0.63,0.77,0.45,0.51,-0.58,-0.06,0.23,-0.69,0.04,0.47,0.68,0.03,0.16,0.26,-0.27,-0.0,0.53,-0.59,-0.44,-0.68,-0.08,0.54,-0.29,0.33,-0.28,0.33,-0.54,-0.25,0.34,0.6,0.23,0.57,0.72,-0.23,0.52,-0.31,0.04,-0.36,-0.51,-0.34,0.22,0.04,-0.52,0.35,0.22,-0.62,-0.19,0.11,0.05,0.17,0.51,-0.25,-0.8,0.28,-0.86,0.08,-0.5,-0.13
26983015,,,,,,,,,,,,,,,,,,,,1.0,0.24,0.09,0.51,0.02,0.59,0.25,0.59,-0.01,0.42,-0.14,0.39,-0.17,-0.21,-0.23,0.35,0.21,-0.36,0.16,0.68,-0.28,0.44,0.35,0.78,0.21,0.1,-0.06,-0.38,-0.13,0.61,-0.35,0.07,0.3,-0.17,-0.24,-0.58,-0.49,-0.03,0.41,-0.28,-0.43,-0.51,-0.12,-0.56,-0.02,-0.51,-0.36,-0.5,0.62,-0.25,-0.07,0.52,0.06,-0.49,0.69,-0.07,-0.47,-0.28,-0.55,-0.18,-0.22,-0.34,-0.1,-0.49,0.38,-0.08,-0.37,0.66,-0.42,-0.32,-0.36,-0.69,-0.54,0.15,-0.56,-0.28,-0.08,-0.68,-0.07,-0.14,0.06
27163008,,,,,,,,,,,,,,,,,,,,,1.0,0.45,0.93,-0.34,0.49,0.33,0.37,-0.07,-0.19,0.9,-0.1,0.13,0.46,0.07,0.14,-0.21,-0.47,0.54,-0.26,0.43,0.86,-0.6,0.48,-0.21,-0.36,-0.8,0.06,0.63,0.86,0.11,-0.65,-0.46,-0.44,0.48,-0.48,-0.13,-0.24,0.41,-0.67,-0.5,0.56,0.7,-0.05,-0.79,-0.0,-0.35,0.18,0.4,-0.07,-0.42,0.87,-0.71,-0.78,0.48,-0.6,0.42,-0.67,0.26,-0.26,-0.47,0.29,-0.19,-0.43,0.46,0.01,-0.86,0.49,0.19,-0.13,0.41,-0.49,-0.26,-0.18,0.45,0.59,0.13,-0.21,0.75,-0.0,0.26
27022672,,,,,,,,,,,,,,,,,,,,,,1.0,0.33,-0.82,-0.43,-0.5,-0.49,-0.69,-0.17,0.44,0.67,0.75,0.38,0.65,-0.11,0.55,-0.25,0.43,-0.27,0.2,0.01,-0.42,-0.25,-0.67,-0.89,-0.19,-0.24,0.74,0.43,-0.18,-0.41,-0.18,-0.34,-0.22,0.08,0.0,-0.52,-0.39,-0.64,-0.12,0.48,0.66,0.49,-0.16,0.32,0.21,-0.18,-0.4,-0.39,-0.01,0.2,-0.08,-0.55,-0.35,-0.39,0.55,-0.24,0.65,-0.66,0.08,-0.12,-0.47,0.15,-0.41,-0.35,-0.46,-0.2,0.68,-0.64,0.36,-0.04,0.2,-0.22,0.02,0.45,0.13,-0.11,0.56,-0.43,-0.49
34413233,,,,,,,,,,,,,,,,,,,,,,,1.0,-0.3,0.68,0.37,0.58,-0.11,0.05,0.71,-0.06,-0.04,0.29,-0.1,0.18,-0.21,-0.44,0.54,0.01,0.44,0.92,-0.3,0.69,-0.13,-0.15,-0.68,-0.16,0.48,0.93,0.09,-0.4,-0.24,-0.38,0.32,-0.61,-0.18,-0.22,0.47,-0.66,-0.5,0.26,0.57,-0.23,-0.7,-0.06,-0.42,-0.09,0.63,-0.01,-0.35,0.93,-0.6,-0.86,0.66,-0.48,0.25,-0.64,0.06,-0.36,-0.46,0.05,-0.05,-0.5,0.63,0.11,-0.87,0.61,-0.01,-0.24,0.25,-0.69,-0.39,-0.12,0.25,0.47,0.05,-0.37,0.61,-0.08,0.2
15296972,,,,,,,,,,,,,,,,,,,,,,,,1.0,0.34,0.58,0.43,0.89,0.14,-0.32,-0.62,-0.79,-0.15,-0.73,0.37,-0.6,0.12,-0.39,0.42,-0.4,0.01,0.18,0.29,0.78,0.75,0.05,0.45,-0.57,-0.29,-0.14,0.15,0.23,0.27,0.37,-0.12,-0.23,0.67,0.53,0.51,-0.01,-0.26,-0.59,-0.53,0.13,-0.38,-0.23,0.49,0.28,0.05,0.05,-0.13,0.05,0.57,0.42,0.22,-0.62,0.15,-0.62,0.9,-0.02,0.34,0.18,-0.26,0.19,0.06,0.41,0.37,-0.46,0.69,-0.4,0.06,-0.24,-0.03,0.07,-0.52,-0.35,0.05,-0.4,0.54,0.64
16672928,,,,,,,,,,,,,,,,,,,,,,,,,1.0,0.73,0.96,0.41,0.26,0.22,-0.41,-0.56,-0.08,-0.55,0.34,-0.46,-0.27,0.18,0.34,0.07,0.83,0.11,0.92,0.42,0.5,-0.44,-0.03,-0.21,0.6,0.11,-0.06,-0.02,-0.16,0.33,-0.71,-0.3,0.2,0.78,-0.13,-0.43,-0.28,-0.04,-0.69,-0.47,-0.46,-0.6,-0.08,0.95,0.2,-0.3,0.73,-0.42,-0.42,0.95,-0.14,-0.35,-0.44,-0.58,0.15,-0.49,0.06,0.26,-0.65,0.89,0.31,-0.47,0.82,-0.61,0.19,-0.17,-0.71,-0.63,0.17,0.0,-0.02,-0.01,-0.39,0.05,0.24,0.55
35773150,,,,,,,,,,,,,,,,,,,,,,,,,,1.0,0.82,0.68,0.26,0.27,-0.55,-0.73,0.32,-0.73,0.65,-0.65,0.11,0.31,0.0,-0.21,0.63,-0.27,0.54,0.28,0.43,-0.7,0.63,-0.45,0.24,0.38,-0.06,-0.23,-0.49,0.45,-0.81,-0.66,0.69,0.97,-0.24,-0.06,-0.09,0.08,-0.85,-0.66,-0.52,-0.88,0.39,0.71,0.45,-0.1,0.34,-0.71,-0.22,0.67,-0.53,-0.53,-0.68,-0.67,0.61,-0.22,0.61,0.42,-0.89,0.78,0.55,-0.43,0.79,-0.36,0.65,-0.48,-0.63,-0.82,-0.23,0.12,0.18,-0.4,0.19,-0.24,0.82,0.92
13086260,,,,,,,,,,,,,,,,,,,,,,,,,,,1.0,0.42,0.46,0.1,-0.44,-0.69,0.05,-0.69,0.54,-0.53,-0.04,0.29,0.37,-0.04,0.73,0.09,0.87,0.34,0.58,-0.47,0.07,-0.36,0.5,0.19,0.1,0.1,-0.28,0.21,-0.81,-0.48,0.43,0.86,-0.19,-0.21,-0.4,-0.02,-0.84,-0.49,-0.45,-0.71,-0.09,0.98,0.31,-0.08,0.6,-0.45,-0.4,0.9,-0.23,-0.52,-0.51,-0.69,0.23,-0.27,0.08,0.43,-0.76,0.91,0.47,-0.47,0.88,-0.54,0.23,-0.41,-0.79,-0.77,0.07,-0.09,0.01,-0.18,-0.23,-0.14,0.42,0.6
47641152,,,,,,,,,,,,,,,,,,,,,,,,,,,,1.0,-0.21,0.01,-0.58,-0.64,-0.16,-0.59,0.22,-0.55,-0.17,-0.42,0.15,-0.37,0.26,-0.03,0.31,0.79,0.51,-0.18,0.63,-0.44,-0.17,-0.07,-0.19,-0.21,0.16,0.68,-0.18,-0.23,0.48,0.6,0.43,-0.3,0.03,-0.49,-0.47,-0.07,-0.56,-0.35,0.71,0.24,0.04,-0.35,0.03,-0.19,0.47,0.48,0.04,-0.43,-0.03,-0.55,0.94,-0.39,0.63,-0.04,-0.36,0.26,-0.02,0.26,0.37,-0.52,0.86,-0.18,0.06,-0.24,-0.05,0.25,-0.4,-0.23,0.02,-0.2,0.55,0.84
37746564,,,,,,,,,,,,,,,,,,,,,,,,,,,,,1.0,-0.44,-0.05,-0.48,0.3,-0.51,0.69,-0.21,0.65,0.55,0.48,-0.14,-0.07,0.23,0.27,-0.23,0.45,-0.04,-0.2,-0.38,0.12,0.16,0.68,0.72,-0.34,-0.63,-0.53,-0.52,0.61,0.34,-0.33,0.57,-0.68,0.11,-0.61,-0.09,0.09,-0.36,-0.54,0.53,0.32,0.8,-0.02,-0.02,-0.31,0.21,-0.16,-0.61,-0.25,-0.45,-0.12,0.67,-0.41,0.69,-0.41,0.34,0.56,-0.23,0.47,0.07,-0.29,-0.76,-0.63,-0.6,-0.15,-0.49,0.08,-0.45,0.12,-0.5,0.32,-0.08
51728044,,,,,,,,,,,,,,,,,,,,,,,,,,,,,,1.0,-0.21,0.17,0.52,0.12,-0.05,-0.28,-0.37,0.43,-0.58,0.51,0.71,-0.73,0.13,-0.27,-0.45,-0.8,0.31,0.65,0.57,0.28,-0.7,-0.7,-0.39,0.66,-0.26,0.02,-0.23,0.26,-0.58,-0.37,0.83,0.72,0.17,-0.79,0.14,-0.28,0.47,0.09,0.05,-0.49,0.61,-0.77,-0.57,0.18,-0.63,0.62,-0.59,0.46,-0.12,-0.47,0.55,-0.2,-0.28,0.3,0.03,-0.71,0.19,0.32,0.1,0.55,-0.2,-0.05,-0.36,0.71,0.7,0.04,0.1,0.76,0.09,0.32
14706796,,,,,,,,,,,,,,,,,,,,,,,,,,,,,,,1.0,0.7,-0.21,0.65,-0.17,0.94,-0.26,0.0,0.08,-0.34,-0.31,0.16,-0.19,-0.36,-0.68,0.31,-0.39,0.13,0.08,-0.36,-0.05,0.02,-0.14,-0.58,0.12,-0.13,-0.5,-0.45,-0.21,-0.15,-0.16,0.02,0.23,0.36,-0.18,0.21,-0.52,-0.37,-0.4,-0.02,-0.14,0.39,-0.21,-0.32,-0.0,0.03,0.05,0.11,-0.54,0.05,-0.37,-0.47,0.18,-0.47,-0.4,-0.02,-0.25,0.12,-0.58,-0.04,-0.02,0.1,0.19,-0.63,-0.14,0.23,-0.34,-0.05,-0.5,-0.53
9070129,,,,,,,,,,,,,,,,,,,,,,,,,,,,,,,,1.0,-0.05,0.99,-0.45,0.81,-0.38,-0.04,-0.35,0.02,-0.28,-0.25,-0.41,-0.46,-0.87,0.19,-0.33,0.56,0.1,-0.31,-0.46,-0.26,-0.03,-0.27,0.47,0.33,-0.73,-0.65,-0.1,-0.21,0.33,0.26,0.7,0.21,0.15,0.54,-0.23,-0.6,-0.48,-0.19,-0.03,0.25,-0.11,-0.5,0.05,0.55,0.16,0.63,-0.61,-0.05,-0.22,-0.62,0.51,-0.6,-0.53,-0.01,-0.5,0.41,-0.57,0.5,0.36,0.5,0.35,-0.15,0.12,0.66,-0.22,0.41,-0.61,-0.6
9024033,,,,,,,,,,,,,,,,,,,,,,,,,,,,,,,,,1.0,-0.12,0.62,-0.36,0.44,0.84,-0.4,0.13,0.18,-0.82,-0.16,-0.63,-0.28,-0.74,0.45,0.3,0.29,0.37,-0.2,-0.1,-0.75,0.03,-0.42,-0.46,0.47,0.35,-0.75,0.43,0.42,0.85,-0.15,-0.73,0.33,-0.39,0.28,0.05,0.24,0.45,0.14,-0.7,-0.48,-0.12,-0.82,0.1,-0.69,0.26,-0.01,0.47,0.4,0.3,-0.44,0.12,0.4,-0.64,0.31,0.76,-0.02,-0.18,-0.35,-0.38,-0.57,0.31,0.79,-0.36,0.56,0.2,0.54,0.21
26127092,,,,,,,,,,,,,,,,,,,,,,,,,,,,,,,,,,1.0,-0.48,0.8,-0.38,-0.12,-0.36,-0.0,-0.31,-0.21,-0.42,-0.39,-0.81,0.24,-0.33,0.5,0.03,-0.31,-0.46,-0.26,0.04,-0.26,0.53,0.38,-0.73,-0.66,0.02,-0.21,0.29,0.18,0.71,0.26,0.12,0.58,-0.22,-0.6,-0.47,-0.21,-0.06,0.3,-0.02,-0.5,0.14,0.52,0.23,0.6,-0.57,-0.07,-0.22,-0.61,0.56,-0.6,-0.54,0.08,-0.53,0.35,-0.52,0.51,0.43,0.54,0.45,-0.15,0.05,0.74,-0.23,0.37,-0.61,-0.58
30641900,,,,,,,,,,,,,,,,,,,,,,,,,,,,,,,,,,,1.0,-0.33,0.39,0.61,0.26,-0.47,0.18,-0.37,0.35,-0.1,0.19,-0.51,0.37,-0.3,0.29,0.04,0.07,0.32,-0.66,-0.19,-0.72,-0.86,0.81,0.75,-0.44,0.29,-0.3,0.28,-0.77,-0.44,-0.29,-0.62,0.04,0.5,0.12,0.55,0.17,-0.41,-0.29,0.39,-0.55,-0.68,-0.62,-0.52,0.32,0.46,0.21,0.38,-0.75,0.34,0.39,-0.41,0.78,0.17,0.09,-0.75,-0.64,-0.81,-0.2,-0.29,0.17,-0.39,0.17,-0.32,0.7,0.46
12940193,,,,,,,,,,,,,,,,,,,,,,,,,,,,,,,,,,,,1.0,-0.31,-0.19,0.0,-0.36,-0.42,0.18,-0.27,-0.27,-0.66,0.45,-0.41,0.1,-0.06,-0.4,-0.11,-0.03,0.0,-0.55,0.31,0.06,-0.59,-0.56,0.03,-0.18,-0.17,-0.12,0.36,0.49,-0.2,0.38,-0.5,-0.46,-0.44,-0.1,-0.21,0.51,-0.01,-0.39,0.19,0.08,0.23,0.15,-0.51,-0.01,-0.39,-0.53,0.36,-0.54,-0.48,0.17,-0.39,0.05,-0.53,0.07,0.19,0.26,0.44,-0.62,-0.25,0.49,-0.37,-0.05,-0.57,-0.57
27100261,,,,,,,,,,,,,,,,,,,,,,,,,,,,,,,,,,,,,1.0,0.41,-0.15,-0.01,-0.46,0.0,-0.45,-0.44,0.33,0.01,0.24,-0.44,-0.51,0.58,0.72,0.36,-0.29,-0.46,-0.13,-0.25,0.68,0.02,-0.14,0.98,-0.31,0.16,-0.24,-0.08,0.39,-0.22,-0.12,-0.02,0.66,0.82,-0.6,-0.11,0.1,-0.42,-0.2,-0.31,-0.1,-0.12,0.09,0.82,-0.03,0.83,-0.12,0.05,0.73,0.08,-0.11,0.33,0.11,-0.6,-0.11,-0.25,-0.39,-0.11,0.32,-0.54,0.78,-0.62,0.54,-0.04
34383371,,,,,,,,,,,,,,,,,,,,,,,,,,,,,,,,,,,,,,1.0,-0.25,0.21,0.35,-0.54,0.1,-0.75,-0.24,-0.71,0.11,0.22,0.51,0.46,0.03,0.01,-0.84,-0.24,-0.67,-0.53,0.32,0.38,-0.92,0.39,0.1,0.87,-0.32,-0.76,0.25,-0.54,-0.19,0.36,0.37,0.44,0.33,-0.68,-0.82,0.07,-0.81,0.01,-0.81,0.09,-0.37,0.39,0.07,0.46,-0.57,0.4,0.58,-0.85,0.45,0.55,-0.29,-0.3,-0.71,-0.59,-0.42,0.01,0.82,-0.3,0.34,0.11,0.37,0.06
33129674,,,,,,,,,,,,,,,,,,,,,,,,,,,,,,,,,,,,,,,1.0,-0.29,-0.03,0.61,0.59,0.55,0.51,0.44,-0.51,-0.2,0.21,-0.65,0.3,0.79,0.4,-0.3,-0.07,-0.12,0.12,0.14,0.28,-0.23,-0.64,-0.53,-0.34,0.48,-0.22,0.15,-0.4,0.39,-0.46,0.24,0.2,0.56,0.12,0.52,0.49,-0.54,0.34,-0.46,0.07,0.1,-0.57,-0.09,-0.0,0.02,-0.31,0.24,0.4,-0.38,-0.3,-0.32,-0.18,-0.12,0.27,-0.48,-0.71,-0.07,-0.66,-0.18,-0.25,-0.15
26408770,,,,,,,,,,,,,,,,,,,,,,,,,,,,,,,,,,,,,,,,1.0,0.33,-0.03,-0.02,-0.28,0.03,-0.15,-0.32,0.59,0.26,0.38,0.02,-0.13,0.21,0.27,0.16,0.62,-0.41,-0.28,-0.23,0.01,0.46,0.44,0.47,-0.31,0.75,0.2,-0.04,0.06,0.25,-0.14,0.33,-0.23,-0.36,-0.07,0.01,0.77,0.04,0.64,-0.48,-0.17,-0.17,0.19,0.29,0.23,0.17,-0.31,-0.25,0.24,-0.24,0.65,0.04,0.38,-0.29,0.69,0.53,-0.02,0.1,0.61,-0.35,-0.31
28863306,,,,,,,,,,,,,,,,,,,,,,,,,,,,,,,,,,,,,,,,,1.0,-0.28,0.75,0.14,0.06,-0.73,0.1,0.24,0.78,0.19,-0.42,-0.4,-0.31,0.58,-0.66,-0.22,-0.05,0.67,-0.45,-0.57,0.25,0.36,-0.39,-0.74,-0.27,-0.58,0.16,0.71,0.12,-0.53,0.88,-0.69,-0.66,0.78,-0.45,0.11,-0.64,-0.16,-0.01,-0.65,0.31,0.01,-0.62,0.78,0.19,-0.75,0.68,-0.27,0.15,0.19,-0.64,-0.47,-0.12,0.36,0.35,-0.02,-0.29,0.48,0.15,0.53
21423481,,,,,,,,,,,,,,,,,,,,,,,,,,,,,,,,,,,,,,,,,,1.0,0.17,0.42,0.54,0.77,-0.58,-0.45,-0.31,-0.18,0.68,0.49,0.64,-0.35,0.23,0.29,-0.18,-0.3,0.54,-0.02,-0.69,-0.75,-0.06,0.7,-0.08,0.25,-0.55,0.13,0.02,0.02,-0.25,0.7,0.33,0.09,0.74,-0.29,0.63,-0.36,-0.1,-0.06,-0.65,0.13,0.32,0.01,-0.06,0.54,-0.21,-0.64,-0.13,-0.16,0.09,0.17,0.29,-0.43,-0.66,-0.05,-0.38,-0.43,-0.42,-0.35
64389832,,,,,,,,,,,,,,,,,,,,,,,,,,,,,,,,,,,,,,,,,,,1.0,0.48,0.39,-0.29,-0.24,-0.05,0.73,-0.25,-0.14,0.17,-0.04,0.21,-0.6,-0.28,0.06,0.66,-0.12,-0.58,-0.32,-0.1,-0.6,-0.27,-0.47,-0.39,-0.19,0.87,-0.16,-0.27,0.81,-0.19,-0.42,0.98,-0.02,-0.35,-0.31,-0.52,0.04,-0.45,-0.13,-0.01,-0.53,0.68,0.0,-0.42,0.84,-0.54,-0.05,-0.12,-0.65,-0.52,0.26,-0.14,-0.21,0.08,-0.67,0.17,0.0,0.36
41180074,,,,,,,,,,,,,,,,,,,,,,,,,,,,,,,,,,,,,,,,,,,,1.0,0.59,0.3,0.04,-0.32,-0.09,-0.47,-0.1,0.12,0.62,0.46,0.13,0.14,0.07,0.27,0.72,-0.54,-0.22,-0.8,-0.23,0.38,-0.5,0.09,0.31,0.24,-0.32,-0.42,0.13,0.33,0.56,0.55,0.57,-0.35,0.42,-0.48,0.64,-0.48,0.09,-0.27,0.04,0.1,-0.38,0.51,0.23,-0.73,0.46,0.03,0.23,0.08,0.34,0.03,-0.79,0.1,-0.48,-0.08,-0.02,0.4
27139301,,,,,,,,,,,,,,,,,,,,,,,,,,,,,,,,,,,,,,,,,,,,,1.0,0.2,-0.02,-0.58,-0.22,0.13,0.58,0.48,0.38,0.09,-0.16,0.02,0.52,0.37,0.46,0.19,-0.54,-0.53,-0.5,0.14,-0.06,-0.17,-0.02,0.55,0.35,0.21,-0.04,0.12,0.34,0.45,0.4,-0.51,0.24,-0.56,0.45,0.07,-0.14,0.58,-0.14,0.47,0.38,0.31,0.3,-0.55,0.37,-0.36,-0.13,-0.22,0.05,0.01,-0.38,-0.32,0.01,-0.43,0.29,0.3
31259333,,,,,,,,,,,,,,,,,,,,,,,,,,,,,,,,,,,,,,,,,,,,,,1.0,-0.56,-0.21,-0.55,-0.45,0.45,0.52,0.77,-0.46,0.72,0.52,-0.32,-0.71,0.73,0.08,-0.46,-0.73,0.4,0.98,0.13,0.73,-0.4,-0.42,-0.33,0.15,-0.54,0.97,0.65,-0.37,0.89,-0.07,0.92,0.03,-0.12,0.19,-0.65,-0.19,0.76,-0.58,-0.43,0.85,-0.6,-0.24,-0.27,0.05,0.6,0.61,0.42,-0.4,-0.74,0.23,-0.29,-0.31,-0.59,-0.63
34747121,,,,,,,,,,,,,,,,,,,,,,,,,,,,,,,,,,,,,,,,,,,,,,,1.0,-0.31,-0.29,0.41,-0.24,-0.55,-0.45,0.52,-0.3,-0.48,0.6,0.51,-0.11,0.18,0.37,0.14,-0.34,-0.47,-0.31,-0.56,0.81,-0.09,0.37,-0.1,-0.24,-0.61,0.19,-0.06,-0.58,-0.21,-0.47,-0.23,0.76,-0.03,0.95,0.15,-0.5,0.13,0.32,-0.08,0.16,0.08,0.83,-0.27,-0.01,-0.36,-0.45,0.34,0.27,-0.41,0.65,-0.23,0.85,0.81
21614767,,,,,,,,,,,,,,,,,,,,,,,,,,,,,,,,,,,,,,,,,,,,,,,,1.0,0.55,-0.27,-0.6,-0.16,0.06,0.22,0.3,0.44,-0.61,-0.36,-0.37,-0.35,0.72,0.59,0.67,-0.2,0.55,0.45,0.09,-0.28,-0.49,-0.2,0.48,-0.1,-0.39,-0.12,-0.12,0.83,-0.01,0.85,-0.52,-0.15,-0.1,-0.52,0.36,-0.29,-0.48,-0.37,-0.17,0.61,-0.53,0.78,0.19,0.49,-0.14,0.52,0.39,0.29,-0.24,0.94,-0.54,-0.42
10147062,,,,,,,,,,,,,,,,,,,,,,,,,,,,,,,,,,,,,,,,,,,,,,,,,1.0,-0.21,-0.48,-0.03,-0.34,0.15,-0.52,-0.21,-0.23,0.41,-0.6,-0.55,0.17,0.52,-0.19,-0.54,-0.09,-0.25,-0.19,0.57,-0.31,-0.22,0.95,-0.4,-0.8,0.66,-0.37,0.16,-0.53,0.07,-0.39,-0.33,-0.11,-0.22,-0.41,0.43,-0.12,-0.79,0.66,0.08,-0.44,0.21,-0.63,-0.34,0.05,0.07,0.3,0.19,-0.55,0.63,-0.19,0.06
15141260,,,,,,,,,,,,,,,,,,,,,,,,,,,,,,,,,,,,,,,,,,,,,,,,,,1.0,0.35,-0.4,-0.46,0.1,-0.38,-0.13,0.31,0.21,-0.36,0.54,0.1,0.4,-0.21,-0.59,0.21,-0.57,0.08,0.19,0.96,0.09,-0.18,-0.65,-0.28,-0.18,-0.5,0.09,-0.47,-0.03,-0.01,0.08,0.35,0.76,-0.36,0.54,0.89,-0.36,-0.06,0.05,0.38,-0.18,-0.32,-0.34,-0.45,0.3,0.7,-0.4,0.76,-0.26,0.52,0.29
43711062,,,,,,,,,,,,,,,,,,,,,,,,,,,,,,,,,,,,,,,,,,,,,,,,,,,1.0,0.57,0.14,-0.57,-0.05,-0.05,0.36,-0.14,0.14,0.68,-0.69,-0.31,-0.27,0.33,0.23,-0.08,-0.51,0.15,0.54,0.6,-0.52,0.32,0.15,-0.19,0.26,-0.41,0.25,-0.35,-0.07,0.52,-0.47,0.73,0.04,0.14,0.55,0.3,-0.16,-0.2,-0.05,-0.56,-0.14,-0.15,-0.16,-0.38,-0.14,-0.49,0.3,-0.71,0.11,-0.25
13734737,,,,,,,,,,,,,,,,,,,,,,,,,,,,,,,,,,,,,,,,,,,,,,,,,,,,1.0,0.3,-0.64,0.09,-0.02,0.27,-0.12,0.19,0.34,-0.65,-0.28,-0.15,0.49,0.25,0.32,-0.53,0.18,-0.23,0.73,-0.12,0.59,0.15,0.08,0.46,-0.43,0.4,-0.19,-0.13,0.64,-0.73,0.25,0.2,-0.16,-0.05,0.3,0.14,0.05,-0.48,-0.4,-0.06,-0.0,0.16,-0.46,-0.43,-0.13,-0.25,-0.3,-0.18,-0.45
9535900,,,,,,,,,,,,,,,,,,,,,,,,,,,,,,,,,,,,,,,,,,,,,,,,,,,,,1.0,0.14,0.75,0.78,-0.41,-0.53,0.81,-0.27,-0.08,-0.7,0.48,0.75,0.21,0.74,-0.0,-0.27,-0.38,-0.22,-0.18,0.75,0.65,-0.07,0.92,0.22,0.92,0.18,0.08,-0.22,-0.41,-0.31,0.76,-0.37,-0.54,0.76,-0.48,-0.35,-0.03,0.46,0.69,0.75,0.31,0.16,-0.68,0.23,-0.39,0.12,-0.6,-0.37
47552244,,,,,,,,,,,,,,,,,,,,,,,,,,,,,,,,,,,,,,,,,,,,,,,,,,,,,,1.0,-0.04,0.17,-0.04,0.36,0.1,-0.52,0.66,0.02,0.03,-0.41,-0.15,-0.19,0.82,0.08,0.01,-0.7,0.37,-0.48,0.09,0.35,-0.16,0.33,-0.16,0.09,0.53,-0.69,0.72,-0.25,-0.17,0.27,-0.12,-0.12,0.14,-0.2,0.66,0.49,0.15,0.09,-0.25,0.79,0.1,-0.06,0.03,0.48,0.22,0.65
29079084,,,,,,,,,,,,,,,,,,,,,,,,,,,,,,,,,,,,,,,,,,,,,,,,,,,,,,,1.0,0.82,-0.51,-0.86,0.64,-0.01,0.24,-0.36,0.86,0.72,0.44,0.93,0.09,-0.79,-0.42,-0.07,-0.47,0.7,0.67,-0.63,0.7,0.5,0.87,0.6,-0.1,0.07,-0.28,-0.45,0.97,-0.8,-0.61,0.75,-0.85,0.19,-0.16,0.58,0.95,0.96,0.25,0.19,-0.37,0.38,-0.05,0.2,-0.6,-0.59
27945294,,,,,,,,,,,,,,,,,,,,,,,,,,,,,,,,,,,,,,,,,,,,,,,,,,,,,,,,1.0,-0.67,-0.73,0.52,-0.17,0.3,-0.21,0.82,0.43,0.56,0.79,-0.02,-0.41,-0.2,-0.29,-0.08,0.46,0.36,-0.33,0.68,0.71,0.74,0.64,-0.31,-0.23,-0.35,-0.26,0.87,-0.35,-0.39,0.45,-0.7,0.01,-0.2,0.8,0.71,0.9,0.25,0.44,-0.15,0.44,-0.17,0.45,-0.7,-0.55
62725585,,,,,,,,,,,,,,,,,,,,,,,,,,,,,,,,,,,,,,,,,,,,,,,,,,,,,,,,,1.0,0.65,-0.09,0.56,-0.31,-0.01,-0.73,-0.28,-0.18,-0.58,0.27,0.34,0.45,0.57,-0.24,-0.34,0.13,0.17,-0.36,-0.71,-0.37,-0.58,0.64,0.51,0.37,0.64,-0.6,0.31,0.59,-0.03,0.49,0.02,0.5,-0.79,-0.34,-0.65,-0.34,-0.1,0.07,-0.6,0.53,-0.6,0.89,0.59
12321381,,,,,,,,,,,,,,,,,,,,,,,,,,,,,,,,,,,,,,,,,,,,,,,,,,,,,,,,,,1.0,-0.31,-0.14,-0.14,0.13,-0.88,-0.65,-0.56,-0.85,0.28,0.77,0.28,-0.06,0.47,-0.67,-0.32,0.76,-0.53,-0.57,-0.72,-0.67,0.51,-0.18,0.5,0.33,-0.92,0.75,0.44,-0.51,0.91,-0.31,0.48,-0.5,-0.71,-0.86,-0.14,0.01,0.14,-0.3,0.03,-0.16,0.74,0.85
17430811,,,,,,,,,,,,,,,,,,,,,,,,,,,,,,,,,,,,,,,,,,,,,,,,,,,,,,,,,,,1.0,-0.14,-0.27,-0.89,0.21,0.74,-0.17,0.53,0.12,-0.24,-0.22,-0.19,-0.4,0.67,0.9,-0.07,0.87,-0.16,0.83,-0.17,0.41,-0.15,-0.15,-0.19,0.56,-0.32,-0.37,0.91,-0.38,-0.52,0.31,0.13,0.69,0.51,0.54,-0.07,-0.8,0.34,-0.21,-0.27,-0.22,-0.05
47404395,,,,,,,,,,,,,,,,,,,,,,,,,,,,,,,,,,,,,,,,,,,,,,,,,,,,,,,,,,,,1.0,-0.24,0.2,-0.08,-0.01,0.47,-0.09,-0.16,-0.18,0.59,0.83,-0.66,-0.04,0.12,-0.57,-0.17,-0.2,-0.03,0.02,-0.02,0.86,-0.08,0.74,0.02,-0.1,0.64,0.12,-0.26,0.43,0.01,-0.51,-0.0,-0.13,-0.36,-0.12,0.34,-0.46,0.79,-0.57,0.42,-0.18
16561658,,,,,,,,,,,,,,,,,,,,,,,,,,,,,,,,,,,,,,,,,,,,,,,,,,,,,,,,,,,,,1.0,0.54,0.55,-0.42,0.36,0.14,0.68,-0.44,-0.14,-0.42,0.2,-0.44,-0.12,-0.26,-0.37,0.78,-0.18,0.72,0.02,-0.3,0.56,-0.41,0.15,-0.22,-0.26,-0.27,-0.26,0.52,0.16,0.71,0.34,0.4,-0.43,0.83,0.52,0.02,0.25,0.75,-0.04,0.11
18028383,,,,,,,,,,,,,,,,,,,,,,,,,,,,,,,,,,,,,,,,,,,,,,,,,,,,,,,,,,,,,,1.0,0.1,-0.77,0.43,-0.28,0.04,0.05,0.2,0.17,0.37,-0.7,-0.77,-0.12,-0.79,0.45,-0.7,0.5,-0.45,0.19,0.21,0.15,-0.3,0.17,0.31,-0.83,0.16,0.73,-0.31,0.16,-0.4,-0.22,-0.46,0.35,0.93,-0.12,0.34,0.49,0.16,-0.05
10367292,,,,,,,,,,,,,,,,,,,,,,,,,,,,,,,,,,,,,,,,,,,,,,,,,,,,,,,,,,,,,,,1.0,0.37,0.62,0.84,0.05,-0.77,-0.38,-0.18,-0.2,0.39,0.23,-0.66,0.37,0.84,0.57,0.9,-0.43,-0.03,-0.22,-0.5,0.88,-0.7,-0.55,0.32,-0.83,0.45,-0.37,0.81,0.77,0.94,0.07,0.38,0.06,0.41,-0.03,0.55,-0.69,-0.67
31776818,,,,,,,,,,,,,,,,,,,,,,,,,,,,,,,,,,,,,,,,,,,,,,,,,,,,,,,,,,,,,,,,1.0,0.01,0.72,-0.3,-0.48,-0.46,0.11,-0.54,0.98,0.7,-0.34,0.86,-0.13,0.9,-0.02,-0.01,0.16,-0.56,-0.33,0.72,-0.66,-0.55,0.87,-0.54,-0.23,-0.22,0.02,0.63,0.59,0.41,-0.43,-0.82,0.22,-0.34,-0.3,-0.54,-0.55
9492658,,,,,,,,,,,,,,,,,,,,,,,,,,,,,,,,,,,,,,,,,,,,,,,,,,,,,,,,,,,,,,,,,1.0,0.49,-0.09,-0.35,0.1,0.42,-0.15,0.08,-0.07,-0.53,0.09,0.64,0.27,0.78,-0.46,0.46,-0.32,0.22,0.54,-0.29,0.08,-0.0,-0.51,0.67,-0.41,0.41,0.32,0.54,-0.38,0.48,0.44,-0.15,0.35,0.37,-0.3,-0.61
31375002,,,,,,,,,,,,,,,,,,,,,,,,,,,,,,,,,,,,,,,,,,,,,,,,,,,,,,,,,,,,,,,,,,1.0,-0.14,-0.64,-0.61,0.04,-0.24,0.77,0.48,-0.48,0.74,0.48,0.85,0.62,-0.31,0.13,-0.53,-0.5,0.96,-0.77,-0.7,0.61,-0.68,0.25,-0.47,0.58,0.8,0.92,0.36,0.06,-0.39,0.49,-0.3,0.33,-0.77,-0.76
30291790,,,,,,,,,,,,,,,,,,,,,,,,,,,,,,,,,,,,,,,,,,,,,,,,,,,,,,,,,,,,,,,,,,,1.0,-0.26,-0.01,-0.34,-0.05,-0.41,0.35,-0.02,-0.26,0.17,-0.13,0.11,0.75,-0.26,0.87,-0.22,-0.13,-0.08,-0.12,0.09,-0.0,0.12,0.75,0.23,0.35,0.1,-0.4,0.7,0.1,-0.23,0.38,0.22,0.48,0.65
12904858,,,,,,,,,,,,,,,,,,,,,,,,,,,,,,,,,,,,,,,,,,,,,,,,,,,,,,,,,,,,,,,,,,,,1.0,0.3,-0.02,0.65,-0.41,-0.5,0.88,-0.2,-0.46,-0.49,-0.61,0.04,-0.21,-0.08,0.46,-0.69,0.91,0.48,-0.52,0.85,-0.49,0.06,-0.37,-0.82,-0.73,0.13,-0.14,0.06,-0.1,-0.29,-0.09,0.3,0.44
15342730,,,,,,,,,,,,,,,,,,,,,,,,,,,,,,,,,,,,,,,,,,,,,,,,,,,,,,,,,,,,,,,,,,,,,1.0,0.17,-0.25,-0.53,-0.17,-0.09,-0.37,-0.14,-0.39,-0.26,0.09,0.13,0.27,0.87,-0.41,0.6,0.95,-0.23,0.02,-0.13,0.43,-0.37,-0.36,-0.43,-0.37,0.14,0.52,-0.46,0.71,-0.47,0.58,0.34
25081584,,,,,,,,,,,,,,,,,,,,,,,,,,,,,,,,,,,,,,,,,,,,,,,,,,,,,,,,,,,,,,,,,,,,,,1.0,-0.4,0.16,0.02,-0.32,-0.07,-0.37,0.01,-0.04,-0.1,0.98,-0.36,0.55,-0.0,-0.18,0.36,0.06,0.03,0.5,-0.32,-0.59,-0.13,-0.19,-0.2,-0.34,0.12,-0.37,0.4,-0.44,0.26,-0.32
47782056,,,,,,,,,,,,,,,,,,,,,,,,,,,,,,,,,,,,,,,,,,,,,,,,,,,,,,,,,,,,,,,,,,,,,,,1.0,-0.42,-0.67,0.78,-0.24,0.18,-0.45,0.01,-0.24,-0.52,-0.02,-0.21,-0.38,0.55,-0.12,-0.69,0.67,-0.12,-0.25,0.32,-0.54,-0.28,0.14,0.22,0.21,0.26,-0.59,0.66,-0.17,0.2
9785955,,,,,,,,,,,,,,,,,,,,,,,,,,,,,,,,,,,,,,,,,,,,,,,,,,,,,,,,,,,,,,,,,,,,,,,,1.0,0.59,-0.28,0.87,-0.09,0.89,0.04,-0.14,0.19,-0.69,-0.34,0.74,-0.64,-0.58,0.79,-0.49,-0.18,-0.38,0.06,0.57,0.59,0.47,-0.45,-0.79,0.29,-0.44,-0.21,-0.64,-0.65
30558190,,,,,,,,,,,,,,,,,,,,,,,,,,,,,,,,,,,,,,,,,,,,,,,,,,,,,,,,,,,,,,,,,,,,,,,,,1.0,-0.34,0.66,-0.18,0.75,-0.1,0.59,0.1,0.08,-0.16,0.53,-0.53,-0.32,0.95,-0.49,-0.24,0.44,-0.0,0.79,0.5,0.23,-0.0,-0.67,0.07,0.12,-0.38,0.02,0.02
36560697,,,,,,,,,,,,,,,,,,,,,,,,,,,,,,,,,,,,,,,,,,,,,,,,,,,,,,,,,,,,,,,,,,,,,,,,,,1.0,-0.07,-0.39,-0.35,-0.58,0.22,-0.49,0.04,0.02,-0.6,0.72,0.05,-0.39,0.87,-0.58,0.13,-0.15,-0.62,-0.56,0.21,-0.05,-0.2,0.03,-0.57,0.13,0.15,0.52
15643076,,,,,,,,,,,,,,,,,,,,,,,,,,,,,,,,,,,,,,,,,,,,,,,,,,,,,,,,,,,,,,,,,,,,,,,,,,,1.0,0.0,0.94,0.01,-0.02,-0.07,-0.59,-0.23,0.74,-0.37,-0.48,0.81,-0.43,-0.42,-0.16,0.25,0.6,0.64,0.58,-0.18,-0.78,0.4,-0.46,-0.09,-0.6,-0.46
31043820,,,,,,,,,,,,,,,,,,,,,,,,,,,,,,,,,,,,,,,,,,,,,,,,,,,,,,,,,,,,,,,,,,,,,,,,,,,,1.0,0.15,0.92,-0.49,-0.27,0.0,-0.35,0.54,-0.27,-0.29,-0.16,-0.56,0.45,-0.27,0.91,0.42,0.69,-0.18,0.68,0.45,0.27,0.04,0.79,-0.54,-0.42
27444180,,,,,,,,,,,,,,,,,,,,,,,,,,,,,,,,,,,,,,,,,,,,,,,,,,,,,,,,,,,,,,,,,,,,,,,,,,,,,1.0,0.22,-0.01,0.07,-0.5,-0.29,0.88,-0.61,-0.54,0.88,-0.65,-0.17,-0.15,0.32,0.79,0.8,0.37,-0.06,-0.69,0.28,-0.26,-0.06,-0.6,-0.55
15421158,,,,,,,,,,,,,,,,,,,,,,,,,,,,,,,,,,,,,,,,,,,,,,,,,,,,,,,,,,,,,,,,,,,,,,,,,,,,,,1.0,-0.51,0.08,-0.1,-0.34,0.64,-0.51,-0.35,-0.06,-0.61,0.71,-0.43,0.78,0.51,0.73,-0.19,0.55,0.43,0.25,0.13,0.72,-0.52,-0.58
30990524,,,,,,,,,,,,,,,,,,,,,,,,,,,,,,,,,,,,,,,,,,,,,,,,,,,,,,,,,,,,,,,,,,,,,,,,,,,,,,,1.0,-0.1,0.67,0.05,-0.31,0.07,0.05,0.36,0.24,-0.32,0.88,-0.33,0.17,-0.22,-0.17,0.19,-0.35,-0.35,0.27,-0.37,0.68,0.78
28788953,,,,,,,,,,,,,,,,,,,,,,,,,,,,,,,,,,,,,,,,,,,,,,,,,,,,,,,,,,,,,,,,,,,,,,,,,,,,,,,,1.0,-0.3,0.46,0.11,-0.34,0.29,0.14,-0.12,0.6,-0.31,-0.52,0.02,-0.07,-0.22,-0.3,0.14,-0.32,0.47,-0.42,0.23,-0.37
34044740,,,,,,,,,,,,,,,,,,,,,,,,,,,,,,,,,,,,,,,,,,,,,,,,,,,,,,,,,,,,,,,,,,,,,,,,,,,,,,,,,1.0,-0.04,-0.48,0.17,0.18,-0.2,0.17,0.04,0.81,-0.02,0.0,-0.27,-0.43,0.5,0.32,-0.29,0.5,0.03,0.7,0.82
30064797,,,,,,,,,,,,,,,,,,,,,,,,,,,,,,,,,,,,,,,,,,,,,,,,,,,,,,,,,,,,,,,,,,,,,,,,,,,,,,,,,,1.0,-0.38,0.57,0.94,-0.18,0.19,-0.05,0.2,-0.56,-0.45,-0.49,-0.29,-0.04,0.38,-0.5,0.59,-0.54,0.56,0.18
17608480,,,,,,,,,,,,,,,,,,,,,,,,,,,,,,,,,,,,,,,,,,,,,,,,,,,,,,,,,,,,,,,,,,,,,,,,,,,,,,,,,,,1.0,-0.73,-0.56,0.66,-0.83,0.2,-0.36,0.6,0.85,0.96,0.3,0.12,-0.32,0.43,-0.14,0.24,-0.73,-0.75
11213001,,,,,,,,,,,,,,,,,,,,,,,,,,,,,,,,,,,,,,,,,,,,,,,,,,,,,,,,,,,,,,,,,,,,,,,,,,,,,,,,,,,,1.0,0.68,-0.59,0.69,-0.47,0.28,-0.26,-0.78,-0.71,-0.06,0.09,0.32,-0.19,-0.0,-0.08,0.42,0.56
9213729,,,,,,,,,,,,,,,,,,,,,,,,,,,,,,,,,,,,,,,,,,,,,,,,,,,,,,,,,,,,,,,,,,,,,,,,,,,,,,,,,,,,,1.0,-0.38,0.26,-0.04,0.29,-0.53,-0.57,-0.62,-0.35,0.01,0.56,-0.48,0.65,-0.48,0.66,0.34
28697819,,,,,,,,,,,,,,,,,,,,,,,,,,,,,,,,,,,,,,,,,,,,,,,,,,,,,,,,,,,,,,,,,,,,,,,,,,,,,,,,,,,,,,1.0,-0.58,-0.27,0.21,0.01,0.79,0.58,0.32,-0.16,-0.75,0.13,-0.02,-0.4,-0.21,-0.23
34829772,,,,,,,,,,,,,,,,,,,,,,,,,,,,,,,,,,,,,,,,,,,,,,,,,,,,,,,,,,,,,,,,,,,,,,,,,,,,,,,,,,,,,,,1.0,-0.25,0.1,-0.46,-0.81,-0.83,0.01,-0.17,0.05,-0.16,-0.28,-0.02,0.46,0.59
29647606,,,,,,,,,,,,,,,,,,,,,,,,,,,,,,,,,,,,,,,,,,,,,,,,,,,,,,,,,,,,,,,,,,,,,,,,,,,,,,,,,,,,,,,,1.0,-0.4,0.17,0.16,0.22,-0.44,0.27,0.6,-0.12,0.43,0.37,0.0,-0.37
54515184,,,,,,,,,,,,,,,,,,,,,,,,,,,,,,,,,,,,,,,,,,,,,,,,,,,,,,,,,,,,,,,,,,,,,,,,,,,,,,,,,,,,,,,,,1.0,-0.19,0.11,-0.23,-0.25,0.36,-0.07,-0.35,0.45,-0.33,0.7,0.84
12291729,,,,,,,,,,,,,,,,,,,,,,,,,,,,,,,,,,,,,,,,,,,,,,,,,,,,,,,,,,,,,,,,,,,,,,,,,,,,,,,,,,,,,,,,,,1.0,0.52,0.75,0.1,0.65,0.13,0.48,-0.26,0.85,-0.64,-0.32
10618252,,,,,,,,,,,,,,,,,,,,,,,,,,,,,,,,,,,,,,,,,,,,,,,,,,,,,,,,,,,,,,,,,,,,,,,,,,,,,,,,,,,,,,,,,,,1.0,0.89,0.16,0.29,-0.37,0.29,0.09,0.13,-0.37,-0.34
11524023,,,,,,,,,,,,,,,,,,,,,,,,,,,,,,,,,,,,,,,,,,,,,,,,,,,,,,,,,,,,,,,,,,,,,,,,,,,,,,,,,,,,,,,,,,,,1.0,0.16,0.35,-0.24,0.38,-0.12,0.42,-0.7,-0.61
26713081,,,,,,,,,,,,,,,,,,,,,,,,,,,,,,,,,,,,,,,,,,,,,,,,,,,,,,,,,,,,,,,,,,,,,,,,,,,,,,,,,,,,,,,,,,,,,1.0,-0.49,-0.53,0.87,-0.6,-0.06,-0.4,-0.21
35075096,,,,,,,,,,,,,,,,,,,,,,,,,,,,,,,,,,,,,,,,,,,,,,,,,,,,,,,,,,,,,,,,,,,,,,,,,,,,,,,,,,,,,,,,,,,,,,1.0,0.44,-0.17,0.32,0.63,0.08,0.24
26076267,,,,,,,,,,,,,,,,,,,,,,,,,,,,,,,,,,,,,,,,,,,,,,,,,,,,,,,,,,,,,,,,,,,,,,,,,,,,,,,,,,,,,,,,,,,,,,,1.0,-0.22,0.57,0.32,0.3,0.07
25681278,,,,,,,,,,,,,,,,,,,,,,,,,,,,,,,,,,,,,,,,,,,,,,,,,,,,,,,,,,,,,,,,,,,,,,,,,,,,,,,,,,,,,,,,,,,,,,,,1.0,-0.53,0.34,-0.54,-0.31
34259995,,,,,,,,,,,,,,,,,,,,,,,,,,,,,,,,,,,,,,,,,,,,,,,,,,,,,,,,,,,,,,,,,,,,,,,,,,,,,,,,,,,,,,,,,,,,,,,,,1.0,-0.35,0.65,0.23
11654956,,,,,,,,,,,,,,,,,,,,,,,,,,,,,,,,,,,,,,,,,,,,,,,,,,,,,,,,,,,,,,,,,,,,,,,,,,,,,,,,,,,,,,,,,,,,,,,,,,1.0,-0.48,-0.19
35688869,,,,,,,,,,,,,,,,,,,,,,,,,,,,,,,,,,,,,,,,,,,,,,,,,,,,,,,,,,,,,,,,,,,,,,,,,,,,,,,,,,,,,,,,,,,,,,,,,,,1.0,0.8
32686109,,,,,,,,,,,,,,,,,,,,,,,,,,,,,,,,,,,,,,,,,,,,,,,,,,,,,,,,,,,,,,,,,,,,,,,,,,,,,,,,,,,,,,,,,,,,,,,,,,,,1.0
